<MES>
    <PRO>
        <Matrix>1L9M</Matrix>
        <Pixel>9</Pixel>
        <Reverse>GLOBAL</Reverse>
        <Inverse>GLOBAL</Inverse>
    </PRO>
    <OBJ>
        <TYPE1>text</TYPE1>
        <TYPE2>text</TYPE2>
        <LineStart>0</LineStart>
        <RowStart>0</RowStart>
        <LineSize>7</LineSize>
        <RowSize>18</RowSize>
        <SW>1</SW>
        <SS>0</SS>
        <NEG>0</NEG>
        <BWDx>0</BWDx>
        <BWDy>0</BWDy>
        <setFONT>7x5</setFONT>
        <setTEXT>ABf</setTEXT>
    </OBJ>
    <OBJ>
        <TYPE1>text</TYPE1>
        <TYPE2>text</TYPE2>
        <LineStart>0</LineStart>
        <RowStart>18</RowStart>
        <LineSize>7</LineSize>
        <RowSize>18</RowSize>
        <SW>1</SW>
        <SS>0</SS>
        <NEG>0</NEG>
        <BWDx>0</BWDx>
        <BWDy>0</BWDy>
        <setFONT>7x5</setFONT>
        <setTEXT>987</setTEXT>
    </OBJ>
</MES>
