﻿<?xml version="1.0" encoding="utf-8" ?>
<Parameter>
    <Pressure>3000</Pressure>
    <BumpSpeed>1500</BumpSpeed>
    <PrintHeadTemp>24</PrintHeadTemp>
    <ModulationMode>0</ModulationMode>
    <ModulationStep>10</ModulationStep>
    <ModulationVoltage>150</ModulationVoltage>
    <InkFlowLevel>150</InkFlowLevel>
    <InkAddLevel>30</InkAddLevel>
    <InkEmptyLevel>10</InkEmptyLevel>
    <SolventFlowLevel>150</SolventFlowLevel>
    <SolventAddLevel>30</SolventAddLevel>
    <SolventEmptyLevel>10</SolventEmptyLevel>
    <ViscoDeviation>20</ViscoDeviation>
    <Peltier>OFF</Peltier>
    <Sleep>OFF</Sleep>
    <ModulationFrequency>64000</ModulationFrequency>
    <NozzleSize>60</NozzleSize>
    <InkType>236</InkType>
    <Type236degC01>126</Type236degC01>
    <Type236degC02>117</Type236degC02>
    <Type236degC03>109</Type236degC03>
    <Type236degC04>102</Type236degC04>
    <Type236degC05>95</Type236degC05>
    <Type236degC06>89</Type236degC06>
    <Type236degC07>84</Type236degC07>
    <Type236degC08>79</Type236degC08>
    <Type236degC09>74</Type236degC09>
    <Type236degC10>70</Type236degC10>
    <Type236degC11>66</Type236degC11>
    <Type236degC12>62</Type236degC12>
    <Type236degC13>59</Type236degC13>
    <Type252degC01>140</Type252degC01>
    <Type252degC02>131</Type252degC02>
    <Type252degC03>122</Type252degC03>
    <Type252degC04>115</Type252degC04>
    <Type252degC05>107</Type252degC05>
    <Type252degC06>100</Type252degC06>
    <Type252degC07>94</Type252degC07>
    <Type252degC08>89</Type252degC08>
    <Type252degC09>84</Type252degC09>
    <Type252degC10>80</Type252degC10>
    <Type252degC11>76</Type252degC11>
    <Type252degC12>72</Type252degC12>
    <Type252degC13>69</Type252degC13>
    <Type261degC01>130</Type261degC01>
    <Type261degC02>122</Type261degC02>
    <Type261degC03>116</Type261degC03>
    <Type261degC04>111</Type261degC04>
    <Type261degC05>105</Type261degC05>
    <Type261degC06>100</Type261degC06>
    <Type261degC07>95</Type261degC07>
    <Type261degC08>91</Type261degC08>
    <Type261degC09>87</Type261degC09>
    <Type261degC10>83</Type261degC10>
    <Type261degC11>79</Type261degC11>
    <Type261degC12>76</Type261degC12>
    <Type261degC13>73</Type261degC13>
    <Type270degC01>190</Type270degC01>
    <Type270degC02>176</Type270degC02>
    <Type270degC03>163</Type270degC03>
    <Type270degC04>151</Type270degC04>
    <Type270degC05>140</Type270degC05>
    <Type270degC06>131</Type270degC06>
    <Type270degC07>122</Type270degC07>
    <Type270degC08>114</Type270degC08>
    <Type270degC09>107</Type270degC09>
    <Type270degC10>100</Type270degC10>
    <Type270degC11>94</Type270degC11>
    <Type270degC12>88</Type270degC12>
    <Type270degC13>83</Type270degC13>
    <Type445degC01>187</Type445degC01>
    <Type445degC02>165</Type445degC02>
    <Type445degC03>146</Type445degC03>
    <Type445degC04>130</Type445degC04>
    <Type445degC05>114</Type445degC05>
    <Type445degC06>102</Type445degC06>
    <Type445degC07>91</Type445degC07>
    <Type445degC08>81</Type445degC08>
    <Type445degC09>74</Type445degC09>
    <Type445degC10>67</Type445degC10>
    <Type445degC11>61</Type445degC11>
    <Type445degC12>55</Type445degC12>
    <Type445degC13>50</Type445degC13>
</Parameter>
