<MES>
    <PRO>
        <CurrentName>testlab.lab</CurrentName>
        <CurrentPath>Storage Card\User\Label</CurrentPath>
        <Matrix>1L7M</Matrix>
        <Pixel>7</Pixel>
        <Reverse>GLOBAL</Reverse>
        <Inverse>GLOBAL</Inverse>
    </PRO>
    <OBJ>
        <TYPE1>text</TYPE1>
        <TYPE2>text</TYPE2>
        <LineStart>0</LineStart>
        <RowStart>0</RowStart>
        <LineSize>7</LineSize>
        <RowSize>36</RowSize>
        <SW>1</SW>
        <SS>0</SS>
        <NEG>0</NEG>
        <BWDx>0</BWDx>
        <BWDy>0</BWDy>
        <setFONT>7x5</setFONT>
        <setTEXT>Test</setTEXT>
    </OBJ>
</MES>
